!I|NONE|NONE
!newmap|NONE|NONE
!tm2|324|979
'Nso|179|539
0000_Pinky|735|2056
007 - 1|NONE|NONE
037dm2|331|971
0gravity|1835|5315
1 (1)|2414|6936
1 (15)|896|2727
1.WTC_ddarce|949|2799
1|NONE|NONE
10|650|1945
101|967|2884
110_ctf5_based|1020|3067
123|NONE|NONE
123124|0|0
1234|1049|3126
158_ctfjale|388|1210
1Hook|328|1059
1Plll|1259|3854
1_Sequrz|388|1244
1manarmy|NONE|NONE
1of4|807|2356
1p3|1259|3854
1pII|NONE|NONE
1pMINI|816|2224
1pVII|1631|4345
1shad|8|13
1sttry|1050|2776
1x1|0|0
2|266|852
237_LilKill_s_TeeMo1|1060|3245
2_|1131|3380
2gametypes|173|550
2hard4u|1666|4572
2moons|1268|3700
2of4|1510|4359
2towers|1160|3502
3|1435|4301
3.map|409|1133
3d_round|291|880
3p|355|1048
3palaces|1099|2992
3rd try|689|2052
4|NONE|NONE
40KiB|776|2380
47|8|6
4died_by_chat|578|1670
4four|NONE|NONE
4noobs|NONE|NONE
50x50|453|1141
62_ctf5|638|1967
666r|NONE|NONE
69|NONE|NONE
6floors|NONE|NONE
700|124|364
9|1620|4744
9nein|309|1054
;)|SKIPPED|SKIPPED
=))|NONE|NONE
AIP45|NONE|NONE
AMoreViolentApproach4|935|2547
Adrenaline6guestpart1|NONE|NONE
AimHigh|730|2230
Aip|NONE|NONE
AldiExp|393|1072
Alexmap25|354|1164
Alexmap9|894|2770
Alive1|NONE|NONE
All at the beginning|1962|5797
Allround2|306|920
Alone_6|1099|2850
Alpha-1|1766|5327
Alta_I-begin|NONE|NONE
Anali_1|3298|9542
Anali_3|1167|3368
Anali_Comp|3298|9555
Anali_Compilation|3307|9585
Angry 1|2155|6577
Angry 2|1946|5681
Angry|2119|6499
Ante|NONE|NONE
Aperture 1|1413|4173
Apocalyptic|540|1652
AreaOfEffect|NONE|NONE
Assault-TS|546|1573
Atticus 5|NONE|NONE
Atticus Compilation|NONE|NONE
Atticus I|NONE|NONE
Atticus II|1351|3871
Atticus_1|NONE|NONE
Atticus_2|1334|3816
Atticus_3|1316|3577
Atticus_6|NONE|NONE
Atticus_Compilation|NONE|NONE
Atticus_I|NONE|NONE
Atticus_III|1311|3560
Atticus_IV|936|2610
Aura|NONE|NONE
AvaIslandsRoM02|741|2304
AvoMap|307|930
BB22|711|1805
BLMapTech|793|2319
Bannzay|1438|4190
Banta|1695|5172
Basket_by_Lime.ftw!|48|144
Beach_house|1193|3209
BeatZ|1098|3445
BigDD|1783|5067
BiopiTrainV0|NONE|NONE
Bioshock|632|1903
Birinci|627|1679
BitDs|1491|4601
BitLand|2074|6594
Black & Red|NONE|NONE
BlackJungle|2924|7570
Blauer-Wald|151|413
BlmapDT_UPGRADES|NONE|NONE
BlmapV18|NONE|NONE
BlmapV7|1415|4181
BlockGurke|328|974
BlockSad|1593|4890
Blockade|589|1785
Blockade_|589|1785
Blocker der verwirrung|0|0
Blocki_|104|317
Blockwar|342|1040
Bloody_Cave|NONE|NONE
Blu3Kitts_city|NONE|NONE
BluE_CaVe |NONE|NONE
BluE_CaVe|NONE|NONE
Blue|2088|6087
BoX|NONE|NONE
BoX_2|NONE|NONE
BrokenMini|501|1416
Brown Suger|1053|3116
BuKK!~Sektor C1|NONE|NONE
Buchstaben|1429|3758
Buckle_Up|288|898
Bukkblablabla|768|2274
BukksUnhookable|NONE|NONE
Bukks~Airbattle1|NONE|NONE
Bullseye|122|326
Bush|1232|2414
C2K-Commando|NONE|NONE
C2K-Sunrise|422|1299
CLOSED-GO-0.6|1778|5335
CORP_CTF5|592|1813
CRAZY2|1350|4174
CREMATORIA|158|466
CR_lala|1380|3480
CTF Eagle 1|748|2244
CTF-Castles by krylostas|NONE|NONE
CTF_FOREST|235|754
CUBE_Zero|739|1746
CYO|218|646
CZ-ctf5|884|2752
CampainTwo|NONE|NONE
Campotle 3|1691|4808
Campotle_2|724|2285
Carry_Jungle|198|624
Ch-IV|NONE|NONE
Chdd_comp|1286|3678
Chicken Pie 2|1986|5949
Chicken_Pie|580|1742
Circle|NONE|NONE
Cocaine|NONE|NONE
CofmanDDR|715|1935
Coldrunn|NONE|NONE
Commando II|NONE|NONE
Commando|NONE|NONE
Cooper1.0|324|977
Copy the Box|893|2707
Copy_the_Box|893|2707
Corazon4Ym2|1891|5969
Ctf_crazy|254|876
Cube - V.2.0|1315|4344
Curse|NONE|NONE
D4rktoast second map|202|600
DARKness 2|950|2686
DCbasket|124|388
DD  (16)|1235|3425
DD.salam3|913|2422
DD1|1443|4304
DDWorld|445|1568
DDavid|856|2591
DM_1|120|325
DM_up_and_down|686|1968
Danger|2185|6178
Dark Side|NONE|NONE
DarkSpy2|1853|4720
DarkValley|294|886
Dawn To Dusk|NONE|NONE
Dead Island|NONE|NONE
DeadCore 1|NONE|NONE
DeadCore 3|NONE|NONE
DeadCore|NONE|NONE
DeadCore3|NONE|NONE
DeadCore4|NONE|NONE
Deephook|552|1545
Dels 2|NONE|NONE
Dennis|NONE|NONE
DesertAdventure|1999|6001
DesertbyShadow|333|1003
Destin1|NONE|NONE
Destin2|NONE|NONE
Detention_I|2484|7196
Difficult 2.1|1194|3593
Difficult 2.2|1202|3596
Diller |NONE|NONE
Disorted|NONE|NONE
DoNe|NONE|NONE
DodgeBall1.5|88|234
Down_Town_L.A._releast|NONE|NONE
DragonTees22|1094|3230
Drun1.0|449|1295
Dry Lagoon|NONE|NONE
Dry_Lagoon|NONE|NONE
Dungeon1|294|816
DynoDM_Rivers|156|468
EagleRac4|1198|3561
Easy 1|939|2622
Elite Dm1|211|639
Elite dm3|616|1811
Eliteenator|1435|4502
Empty|NONE|NONE
Ertno|632|1948
Escapelt3|NONE|NONE
EutopiaI|NONE|NONE
Excast 2|NONE|NONE
Excast 5|NONE|NONE
Experiment|NONE|NONE
FCTF|638|1967
FEAR|NONE|NONE
FLY-TO-VenTus|NONE|NONE
FWYS_2|NONE|NONE
Fantasy|923|2732
Fantome_2|NONE|NONE
FastDM_Rivers|264|808
Fear of heights|1347|4085
Feliy_2|1511|4326
Feliy_II|1583|4541
Fight|190|602
Flamingu|NONE|NONE
FlipLipp|NONE|NONE
FlipLipp2|NONE|NONE
FlipLipp3|NONE|NONE
FlipLipp6|NONE|NONE
FlipLipp8e|NONE|NONE
FlippLipp6|NONE|NONE
Fly-4-2|NONE|NONE
FlyLand|1399|4203
Flyway2Highway|614|1843
Fonders|1670|4959
Forever|2874|8203
Forvert_I|1141|3311
FreeDoom|NONE|NONE
FreeDoom2|NONE|NONE
Fresh|NONE|NONE
Frost|142|409
Frostbite|2557|7349
Generic Fly|NONE|NONE
Gesicherte_Ctf|NONE|NONE
GlassBox 10|695|1956
GoHA|1566|4186
Good Ol' Days 2|2225|6891
Good_Luck_2|NONE|NONE
Google|NONE|NONE
Gray Ray|NONE|NONE
Green|NONE|NONE
Greeny|909|2728
Gridwyn6|NONE|NONE
GubbaMainstream1|195|556
Gunni|223|754
HDD|NONE|NONE
HDP_Andeguineresis|1405|4034
HDP_Concurso2|42|112
HDP_Escalera|NONE|NONE
HDP_Exudar|874|2479
HDP_Filosoflow1.2|759|2325
HDP_FinDelMundo|NONE|NONE
HDP_Gajos10|NONE|NONE
HDP_Giros|128|362
HDP_Para3|1182|3368
HDP_Paridas|2017|5729
HDP_Pepper|1087|2869
HDP_Savage|NONE|NONE
HDP_Sunset|1754|5321
HDP_Zinderencio|NONE|NONE
HDP_mortadela_kon_zebolla|699|1875
HDP_nico-kires|NONE|NONE
HDP_ninini|635|1687
HDP_tontuko|662|1762
HRByDante|NONE|NONE
HUNT|1227|3798
HammerflyTutorial|0|0
Happy|110|288
Hard Way 1.0|1715|5088
HardStyle3.0|240|685
Hardcore 3|NONE|NONE
Hardcore 5|NONE|NONE
Hardstyle 1|NONE|NONE
Hardstyle 2|1824|5836
Hardstyle_1|NONE|NONE
Hasnes4|160|445
Hell Fly|197|629
HellFly|NONE|NONE
Hell_Ride|NONE|NONE
Hendrix4Xoxo|NONE|NONE
Hermine|0|0
Heroic|2244|6652
Holy Key_append|NONE|NONE
Hook1|NONE|NONE
HookFly|50|134
Hop|514|1618
House|428|1185
HouseLife|1049|2765
I'm_awesome|1014|3038
IRGNW1|NONE|NONE
Ice-house|1608|4304
Icy Morning|2627|7787
Ikou|1073|2926
Im No Super|NONE|NONE
Im No Superman 1|NONE|NONE
Impossible|NONE|NONE
Impossible3|NONE|NONE
Impossible_2|NONE|NONE
Impulse_03|337|953
Inception|NONE|NONE
Infinity|NONE|NONE
Intense 1.0|890|2661
Interactive|136|408
Jailbreak 2.0|NONE|NONE
Jailbreak 6|1542|4477
JetPack|NONE|NONE
Jigsaw.PwS.Zintl|1120|3255
JosuA132|690|2030
Juli16|272|840
Jungelnacht|1654|4467
JungleBeat|280|831
JungleCTF|654|2059
JungleTrouble|NONE|NONE
Jungle_Day|475|1456
Jungle_Gym1|1491|4069
Jupiter|NONE|NONE
Jus2(1Player)|NONE|NONE
JustCore|106|310
Just_Fly 2|417|1260
Just_TeE12|NONE|NONE
K74-II|558|1661
KENZOMAP|NONE|NONE
Kampf|276|911
Killa 2|986|2859
Killa 4|1856|5498
Killa_3|1037|3072
Killtaps|249|777
KnuddelMap_By_Wuschel|630|1615
KoTH_1|1152|3527
Kokoro Z|741|2191
Koule (14)|NONE|NONE
Koule 03|NONE|NONE
Koule 08|1146|3299
Koule 5|NONE|NONE
Koule 7|NONE|NONE
Koule|NONE|NONE
Koule09|NONE|NONE
Koule15|NONE|NONE
Koule2|NONE|NONE
Koule4|1146|3299
Koule6|NONE|NONE
Koule9|NONE|NONE
Koule_01|NONE|NONE
Koule_05|NONE|NONE
Koule_06|NONE|NONE
Koule_1|NONE|NONE
Koule_15|NONE|NONE
Koule_16|NONE|NONE
Koule_5|NONE|NONE
Koule_8|1146|3299
Koule_IX|NONE|NONE
Koule_VII|NONE|NONE
Koule_XI|622|1842
Koule_XIII|866|2626
Koule_XV|NONE|NONE
KuZidd|69|179
L&G|NONE|NONE
LS10|6|12
Labyrienteee_Darkfire|NONE|NONE
Labyrinth_01|809|939
Labyrinth_05b|NONE|NONE
Lala|78|209
Lawrence|NONE|NONE
Lego.fly.long|NONE|NONE
Let's Swing|NONE|NONE
Lets Climb|NONE|NONE
Liar|NONE|NONE
Lilac|1292|4006
Little Adventure 2|NONE|NONE
Loader|6|12
LongCat_2|1208|3437
Lykeion|1421|4334
MARIO_QUEST|620|1393
Madness 1|NONE|NONE
Madness 2.0|NONE|NONE
Madness 3|NONE|NONE
Madness|NONE|NONE
Madness2|NONE|NONE
Madness3|NONE|NONE
Madness_3|NONE|NONE
Magic_Sunset|1443|4335
Mailz_sity_2021|1346|3298
Mantika|562|1630
Map by Pudding|970|2956
Map_11a|1335|4026
Map_14|929|2559
Map_16|535|1585
Mapmap|1012|2966
Mario-Style|440|1325
Mario_(=D)|1648|4993
Mate_I|3190|8843
Mauli2|1052|3359
Mieeep|NONE|NONE
MikeyII|1794|5377
Mikey_III_|2430|7169
Millennium_2.0|774|2288
Minecraft|986|2816
Mirror|706|2108
Mo-Factory I|NONE|NONE
MonsterTF4|597|1817
Mountainview|220|672
Move|281|785
Multimap|NONE|NONE
Multimap_01b|NONE|NONE
Multimap_Less|NONE|NONE
Multimap_faster|NONE|NONE
MysticDrag|790|2430
MysticDrag2|446|1364
Mystic_ctf1|332|1032
N_ctF|194|616
Nami|1900|5806
Nealson3|NONE|NONE
Nealson4|956|2930
NealsonSpeedy|NONE|NONE
Nentori|828|2488
NeonStyle|1538|4275
New blocker|374|1138
Newer Box|894|2740
Newer_Box|894|2740
Night of Spikes|NONE|NONE
NinjaStyle-BitSkills|1412|4370
Noob|863|2561
Noobmap|1355|3892
Normal_Forest|226|723
Notice 1|NONE|NONE
Nox_reworkNyanto|NONE|NONE
NoxiBoxi|NONE|NONE
Oasis|709|2142
Okla2|NONE|NONE
Old Style|332|907
Old-CTF|186|588
On_my_way|718|2052
One Way|1071|3226
Only4You|1170|3440
Oo|15|28
Optik-One|318|936
Optimum|NONE|NONE
Orange Ideas|328|901
Oreo|941|2801
Our_Firstmap|203|625
PEPSIOK|NONE|NONE
PITTL|938|2849
POLICE_mod|NONE|NONE
Paik|1549|4521
Passage|2355|6436
Past|NONE|NONE
Pathway 2|556|1596
Pathway 3|447|1286
Pathway 4|594|1711
Pe4enik_III|1262|3785
Peaceful cave with ninjas|1419|4220
Penis|334|996
Petrified|803|2421
Pirates2|414|1286
Piston|661|1936
Plan_C|1642|4932
Pol_dd01|1219|3588
Poreotics|NONE|NONE
Prison 1|367|1119
Pudding|970|2956
PurrrpHaze|NONE|NONE
Push it 4|627|1990
Push the guy 1|1146|2725
Push the guy 4|2632|7407
Push_it_4|641|2037
Push_the_guy_1|1146|2725
Push_the_guy_2|NONE|NONE
Push_the_guy_by_Tvgucker|1146|2725
R.I.P|1007|2771
ROBIMAP|1027|3173
Rampe|964|2855
Ray - 1|1620|4756
Ray-1|1620|4756
ReTee_Clean|507|1565
Reality|1871|5353
RedFight2|NONE|NONE
RedFight3|NONE|NONE
RedFight4|NONE|NONE
Reflect|260|731
Regret|NONE|NONE
Religion|NONE|NONE
Reload 1|1207|3590
Reload 4.0|NONE|NONE
Reload 4|NONE|NONE
Reload|1207|3590
Retro 0|NONE|NONE
Rocket-Ganja|264|743
RocketIsKey|1075|3112
Roneks|674|1870
Run-Death|100|254
Run-Favorit|340|936
Run-Lila|251|706
Run-for-Bubble|609|1711
Run-lol|663|1665
RunXF_noobness|503|1293
Russia and Fear version 2.5|NONE|NONE
S.1DD|NONE|NONE
SIS-bigger|356|1142
SIS-desert|384|1226
SIS-final|288|936
SPOILER_Bowling|380|666
SaNd_StOrM_battle|NONE|NONE
SaTuRn_s_Ctf4|276|888
SafePlace|1163|3350
SanDy_SaVaNe|NONE|NONE
Saphira|1390|4052
School_Hammer|838|2356
Science-fiction1.2|275|845
Scrap|NONE|NONE
Searching_for_Stars|285|954
Semtex_Sambio1|200|624
Serve|1050|3042
Shine|1089|3294
Shocktsunami|NONE|NONE
Shockwave|NONE|NONE
Short 3|341|934
Shortrun2|470|1450
Shyzo4TheCrew|NONE|NONE
SimplePlay|246|730
SkiLLz 1|2058|6059
SkiLLz 3|2110|6216
SkiLLz 6|1666|4511
Skillz 2|2042|5990
Skillz 4|2358|7017
Skillz 5|2569|7386
Skillz_1|2058|6059
Skillz_5|2569|7386
SkyfallBeat|1212|3576
Skynet1|1085|3254
Sleepy|NONE|NONE
Soffemap|483|1257
Softcore|461|1350
Sorrow|NONE|NONE
SpaceIsKey|91|215
SpaceIsKey2|153|356
Spacequest|1086|3272
Speedhawer3|700|2107
Speedster|NONE|NONE
Spoon|NONE|NONE
Stacheln|477|1231
Star~Fighter10|1620|4744
Steff I beginning|2246|6721
Steff III peace|2076|6126
Steff fastrun 1|1271|3739
Steff fastrun 4|362|1243
SteffI|2035|6048
Steff_I|2035|6048
Stop Over 1.0|901|2632
Stop Over 2.0|1336|3926
Stop Over 4.0|936|2857
SunDay 3|1779|5322
SunDay|1434|4252
SunnyDM|196|626
SunnyFight|163|449
Suxdix|NONE|NONE
Swing Jungle 122|943|2805
Synergy|NONE|NONE
TA01-1|220|631
TA01-3|140|420
TA02-1|1088|3088
TA02-2|438|1395
TA02-3|204|612
TEL2|NONE|NONE
TGFIVE|811|2221
THE_Rome|1960|5044
TKs DOP2|1308|3821
TKs DOP3|1434|4217
TRW|688|2149
TRoF|NONE|NONE
Tangerine|NONE|NONE
Tauziehen2|122|352
TeWaRs_maps5|896|2727
Tee vs Robot|711|1959
TeeStrikes1|373|1157
TeeTacToe|335|763
TeeTown2|705|2102
TeeViSkyTemple|1034|3098
Teemo|673|2063
Teepark_classic|613|1868
Teepark_ctf|500|1536
Tetris|316|1021
The Uns|2532|7476
The_End2|265|817
The_Legacy|442|1321
The_super_story_of_one_tee|NONE|NONE
TifusWorld 2.0|1565|4281
Tower_Defence_1.5|NONE|NONE
TrasonBird|389|1135
Tribute 1|NONE|NONE
Tricky|1344|3933
Tripleblocks|906|2786
Trouble Market|NONE|NONE
Tutorial|922|2639
Tylost|2927|8645
Ultimatum 1|NONE|NONE
Ultimatum 2|1140|3517
Ultimatum_1|441|1373
Un|1597|4666
Universe|NONE|NONE
Universum 16|NONE|NONE
V-Fly2.2|NONE|NONE
Van_Gogh|NONE|NONE
Verification 1.1|190|600
Verification 3.0|379|1085
Verification 3.4|878|2733
Verification 3.9|817|2412
Verification 5.1|395|1081
Verification 5|187|552
Verification 6.1|165|481
Verification 6.4|574|1678
Verification 7.1|596|1751
Verification 7.2|922|2653
Verification 9.1|1048|3092
Verification_3|381|1086
Verification_5_1|957|2867
Violet|NONE|NONE
VoidOfSpace|683|2037
Volleyball|60|185
Volt|692|2078
Vorraum|NONE|NONE
WALLLA|NONE|NONE
WalkOnTheSky-CTF|828|2560
Warpath|218|658
Waynes_map|200|551
Welf2|NONE|NONE
What_I_am|293|878
Who's Faster 2|556|1653
Winter.teevi|NONE|NONE
Winter_Battle|662|2076
WorldSky|NONE|NONE
Wormhole|391|1141
XDDDDDD|10|16
XETO1|1041|2891
XPEHb|920|2441
Xunan_house|564|1364
Xyz_1|861|2662
YAM|1216|3296
Ye6y_Let's_Climb|NONE|NONE
Yoshi-2|759|2095
Z.U.dd01|442|1256
Zadrotos 3|NONE|NONE
Zadrotos 4|NONE|NONE
Zadrotos final|NONE|NONE
Zadrotos|NONE|NONE
Zadrotos2|NONE|NONE
Zadrotos_2|NONE|NONE
Zadrotos_4|NONE|NONE
Zadrotos_final|NONE|NONE
Zap|178|515
ZefirkinMAP|266|804
Zular|NONE|NONE
_S__XD|19|19
aSola|853|2513
aaa|392|1198
abc-DDR3|11|22
acq|653|1903
action|408|1259
adam_i_|NONE|NONE
adm1|258|792
adre6sucks|869|2549
adventure_western_gate|496|1500
aip3|NONE|NONE
air|345|1047
altmap|1315|3925
amazed|486|1552
anime|NONE|NONE
ants1|254|757
ants6|407|1225
april|341|1025
arcation3|836|2562
arriba|340|978
asdf|903|2728
asdf2|622|1841
asdfasdf|845|2574
asltlightps|NONE|NONE
atticus3|1316|3577
atticus_ii|1334|3816
azat_dm01|301|905
b|NONE|NONE
backtoroots|1938|5514
bas|54|156
basketball0.5|42|110
basketball1.0|42|110
basketball1.0_1_|38|108
basketball1.5|46|132
basketball4.0|120|408
basketball_by_maik|38|108
bauer|42|112
bb1|188|600
beachfight|NONE|NONE
beast_for_trini4|208|626
best|508|1547
bestof|NONE|NONE
bigbox|342|965
bla|540|1621
black_trees|230|708
blmap4WaR|NONE|NONE
blmapDT-UP|1526|4374
blmapDT|1456|4162
blmapDT_ROYAL|1476|4451
blmapDTfix|1240|3685
blmapPepe|NONE|NONE
blmapV4|927|2888
blmapV4AN|927|2888
blmapV6|2023|6053
blmapZOMG|1188|3530
blmap_4|927|2888
blmap_lg|1001|3036
blocker_map|206|593
blockstages|330|899
blockwar1|342|1040
blu3Kitts.Backway|1169|3347
blu3kitts.hardhook|415|1269
blu3kitts_grasway|1192|3613
bomb|178|504
bombing1|216|672
bonny|851|2450
boob2|492|1273
bored|206|524
boxed|161|244
break_of_day_v5|377|1149
brokenisland_2|726|2339
bt-spaceship|1025|2907
bubu|90|252
build+_1|1058|3272
build+_3+|842|2607
build+_3+jan|1152|3499
build+_3|826|2554
build+_5|825|2460
build|842|2607
build_1|1058|3272
build_5|825|2460
build_6|1164|3475
build_ctf5-3|826|2554
burg|748|2138
camper_area|NONE|NONE
campotle I|1382|4103
campotle IV light Full|1490|4253
campotle IV light b|1297|3755
campotle IV|1490|4253
campotle|1382|4103
campotle4|1490|4252
campotleI|1382|4103
campotle_II_light|724|2285
campotle_IV|1490|4253
campotle_V|774|2262
campotle_iv_light_b|1297|3755
canyon-Sylphster|334|1073
cartman|150|451
catch1|485|1468
catchyon|1373|4164
cave_battle|578|1726
cavern_bunker|269|787
cc3|502|1540
certW|364|1002
ch4|1057|3012
chemicalplant|392|1186
circly|6|12
cityscape|82|252
ckis4livos|NONE|NONE
cnh1|910|2895
coala|564|1706
col-r|180|604
colab|914|2613
conf I|2383|6726
cool4ever|39|104
cores|738|2239
crap|866|2583
ctf1+b|273|798
ctf1-no-weapons|240|732
ctf1|240|732
ctf1_koh|244|769
ctf1_monster|240|732
ctf1_pickup|248|756
ctf1_reworked|254|768
ctf1_saavik|240|732
ctf1_snow|240|732
ctf1_teemo|248|749
ctf1i|240|732
ctf2|452|1440
ctf2_a|458|1453
ctf2_carry|452|1440
ctf2_pandora|452|1440
ctf3|254|780
ctf3_carry|248|768
ctf3_winter|254|780
ctf4|392|1194
ctf4__Original_|276|888
ctf4_bot|276|888
ctf4_classic|276|888
ctf4_dark|276|888
ctf4_darkblue|276|888
ctf4_darkgreen|276|888
ctf4_pickup|276|888
ctf4_space|276|888
ctf4_winter|276|888
ctf4mod|381|1158
ctf5-cop|638|1967
ctf5-fastcap|665|2034
ctf5|632|1955
ctf52|638|1967
ctf5S_1.4_|1204|3864
ctf5Slow|728|2269
ctf5Slow__v.1.1_|920|2851
ctf5_0.6|638|1967
ctf5_2|638|1967
ctf5_Candy|838|2587
ctf5_based|1020|3067
ctf5_ice_day|638|1967
ctf5_invis|638|1967
ctf5_rox|1154|3501
ctf5_teemo|641|1974
ctf6|525|1582
ctf7|258|780
ctf8|560|1734
ctfBigDesert|504|1579
ctfD5|350|1118
ctf_2011|476|1536
ctf_2moons|854|2655
ctf_41|696|2162
ctf_4virex|322|972
ctf_almost|824|2533
ctf_alpines|404|1257
ctf_ambiance|356|1091
ctf_anubisn|590|1838
ctf_bad|401|1308
ctf_bo|257|811
ctf_bomb1|498|1524
ctf_buker|375|1181
ctf_cavefight|1046|3203
ctf_cb1_4|282|852
ctf_classic4|276|888
ctf_climb|184|573
ctf_dawn|652|1970
ctf_deepshit|274|852
ctf_desert|248|758
ctf_desert1|254|780
ctf_desert_fall|534|1624
ctf_extent|464|1482
ctf_fall|320|1036
ctf_fastdm|262|780
ctf_flyro|469|1439
ctf_flyro_reworked|384|1232
ctf_fullmoon|308|984
ctf_gapWIP2|298|962
ctf_gartum|516|1608
ctf_glaciers|238|732
ctf_grasshopper_11|238|720
ctf_hex|556|1752
ctf_hightops|164|552
ctf_infiltrate|480|1488
ctf_infiltratev6|492|1524
ctf_inot1|632|1941
ctf_inot3|354|1046
ctf_jump|372|1180
ctf_lava|628|1968
ctf_maylug_01|382|1071
ctf_meat|326|1028
ctf_mesozoic|344|1056
ctf_mini|NONE|NONE
ctf_moon|180|576
ctf_mox|508|1571
ctf_narrow|270|828
ctf_ness|232|665
ctf_oasis|1041|3261
ctf_red_afternoon|304|960
ctf_sav|334|1072
ctf_sky|1289|3839
ctf_skyjungle|356|1019
ctf_slam12|178|540
ctf_slam9|178|540
ctf_space|308|1075
ctf_space2|308|984
ctf_space_lua|308|1075
ctf_stars|272|842
ctf_step|1620|4504
ctf_stony_world|674|1941
ctf_tantum|434|1334
ctf_tantum2|556|1734
ctf_tantum3|434|1334
ctf_tantum4|434|1334
ctf_tantum_beta|552|1710
ctf_the_one02|384|1237
ctf_thorns-no-weapons|780|2393
ctf_totem|220|676
ctf_trap|178|552
ctf_turn|644|1825
ctf_uno|412|1250
ctf_vertical_limit|554|1728
ctf_winter|248|758
ctf_zetman|292|912
ctfjungle|218|645
cube|NONE|NONE
dadle|354|1110
danii5|110|360
darkcore2|NONE|NONE
darkvoid|NONE|NONE
db2|452|1440
db4_classic|276|888
dctf2|776|2389
dd-tw-II|1607|4430
dd.bk|NONE|NONE
dd|899|2276
dd.salam2|982|2596
dd10|485|1264
dd12|765|2223
dd18|1326|4186
dd_abc|1688|4989
dd_abc_short3|1124|3298
ddempty|612|1726
ddm1.1|161|480
ddmap5|1040|3592
ddmap8|244|707
ddmap_by_vlad|897|2471
ddw|NONE|NONE
ddwar-coleR-Men5671ea3|927|2888
ddwar-hot|NONE|NONE
ddwar-of-winter|2475|7382
de_blub3|22|41
deadlock_2|NONE|NONE
deamondash|224|423
death|NONE|NONE
death_dm2_d|298|857
deface-3|1778|5335
demo|153|402
demonul4on4|736|2121
desert_neoX|4|4
desert_neoX_01|16|48
desertbattle|210|662
desertcamp|250|780
desertcamp2|342|1109
desertcamp_glass|250|780
desertcave|315|915
destroider|350|992
difficult 1.3|1102|3160
ding|233|661
dinoctf1|323|842
dira longer b|NONE|NONE
dira_longer|NONE|NONE
dk_vertical|2366|6975
dm.playground|380|1158
dm01|301|905
dm1-winter3|258|792
dm1|258|792
dm100|86|300
dm12|490|1526
dm1_2|258|792
dm1_4|258|792
dm1_air|575|1760
dm1_bot|258|792
dm1_only_one1|258|792
dm1_ptum|258|792
dm2-cop|761|2354
dm2|761|2354
dm2_Dr3ist3r3ric|204|636
dm2_c|761|2354
dm2_carry|761|2354
dm2_imod|761|2354
dm3|190|588
dm6-tw|387|1191
dm6|387|1191
dm7|520|1596
dm7_carry|520|1596
dm7_pickup|492|1512
dm8|159|479
dm9-fastcap|164|482
dm9|146|444
dmSnowfall|204|636
dm_cairo_fix|462|1348
dm_dead_city|66|204
dm_demonface|236|720
dm_factory|375|1067
dm_fly_high|205|602
dm_jumppoint|464|1440
dm_jungle|112|348
dm_lazy|471|1287
dm_moonlight|248|756
dm_qbc|652|2040
dm_rainy|308|928
dm_rumble|439|1418
dm_selva|961|2986
dm_shore|432|1382
dm_snowfall|204|636
dm_snowfall_tournaments|170|528
dm_sunset|222|696
dm_the_one0|194|588
dm_trailer|262|793
dm_twe|360|1117
dm_viva|610|1841
dmdesertsundown|272|840
dmforest|172|528
dmnight_v1.1|426|1324
dmx_DeathMatch|446|1328
do_nothing|93|240
dod_junglerumble3|366|1115
dom_3bases|818|2538
dom_ctf2|460|1464
dom_gallery|272|842
dom_greytower|2378|7109
dom_hq|120|386
dom_lost|630|1816
dom_matrix|106|324
dom_night|663|2027
dom_the3towers|810|2514
dom_warehouse|476|1442
domtown|457|1166
down_under_c_G@mer|956|2823
dream|452|1501
e.a.c-tower-defence|1352|4147
eXo_bomb|240|732
edin|460|1315
enCore Reloaded|315|906
epic aip|885|2493
estern2|NONE|NONE
ewix|1572|4634
exo|1169|3566
exo_frizee|NONE|NONE
exotix new idea|1241|3478
exp|798|2280
exp2|210|568
exp_blu3kitts|847|2396
exp_jxsl13|1582|4522
exp_own|355|1074
export|352|1122
f54|696|2090
factoryUb|NONE|NONE
fantasy_map_by_rofl|401|1190
fastcap_ctf2|940|2976
father_ctf|252|703
fav9|NONE|NONE
fb_alpines|404|1257
fb_blizzard|578|1788
fb_core|896|2592
fb_ctf2|452|1440
fb_interstice|1097|3207
fb_teamplay|300|912
fb_zcatchmap|414|1286
fc_forcedgrass|210|647
fc_nightlab|361|1051
feliy_i|1307|3686
fi|268|817
fightintheair_big|461|1435
fir2|785|1809
first50|119|349
firstmap|1211|3703
fly lessons|NONE|NONE
fly2Waleice-no-weapons|NONE|NONE
fly2Waleice|NONE|NONE
fly2deep|1242|3652
fly2walebattu|1157|3331
fly_2_the_asylum|1424|4205
fly_4popo|831|2390
fly_SkizZPopo|523|1789
fly_fish|295|891
fly_green_cave|NONE|NONE
flyctf_3|NONE|NONE
flyctf_ctf2|894|2750
flyctf_l8|NONE|NONE
flyctf_mountain|NONE|NONE
flyctf_r13|NONE|NONE
flyctf_r6|NONE|NONE
flyctf_snowy-no-weapons|1238|3672
flyctf_snowy|1238|3672
flyctf_winter|NONE|NONE
flycw_r2|NONE|NONE
flyfast03|154|442
flyfast04|302|830
flying2LatteMacchiato-no-weapons|571|1578
flyway2blablabla|242|732
flyway2blocks|602|1960
flyway2doener-no-weapons|NONE|NONE
flyway2heaven-no-weapons|1114|3379
flyway2mirror|580|1728
flyway2nightmare|NONE|NONE
foot|62|172
foot_big|80|220
foot_big_unlimreal|85|174
foot_by_tsunami|36|90
foot_normal|44|122
football_ 7e995c4|44|122
football_big|66|148
forrest|544|1658
freestyle_a1|48|140
freestyle_a2(2)|41|117
fsnap|2828|8030
fun17|1109|3309
funny_blockwar|940|2860
get_to_700|68|184
gg2|904|2794
ghb|NONE|NONE
gigaligalive|292|928
goo.aptem2!|2415|4597
good_luck|NONE|NONE
good_luck_3|2634|7851
goodjoke|307|717
gp3|161|457
grass_map|308|936
grasscatch|1083|3281
graxos|535|1525
greenishort|76|233
gs|14|36
guaqamole|NONE|NONE
h|357|976
hallo|981|2937
hard2|2277|6995
hardcore|1889|5756
hardcore2|1900|5806
hardcore2_mod|1900|5809
hardcore5|NONE|NONE
hardcore_01|1889|5756
hardcore_2|1857|5669
hardcore_7204815c 2|1756|4877
hardcoreerocdrah|2028|6223
hdp_alone|NONE|NONE
hellows_ctf_winter_map|174|590
hellsing_winter|518|1611
hhdm2|506|1439
hi|NONE|NONE
hookly|0|0
hotrun2|1425|3636
hp|347|928
hp_island1_incomplete|322|1034
iAir+|425|1254
iMap Piko|2081|6265
iMap_Piko|2081|6265
iMap_Pikot|2081|6265
iair|425|1254
ice-cave|528|1580
ice_house|1608|4304
ictf_mini3|66|208
icywaters_ctf|286|899
ifirst|812|2248
ironcatch1|344|1093
ironcatch2|162|516
jat|124|337
jdm2|140|434
jeah2|NONE|NONE
jnrDM_mario_stones|666|2071
jokazman_I|33|61
jokazman_ii|347|942
ju|98|242
jungle_fever_goes_imba|262|772
junglecatch|772|2342
k|741|2191
kasak_7|NONE|NONE
kevdm|515|1665
killa4|1856|5498
knockknock|596|1806
ko2|171|493
koth1|1245|3808
koule 3|NONE|NONE
koule I|NONE|NONE
koule III|NONE|NONE
koule IX|NONE|NONE
koule V|NONE|NONE
koule VI ala dira |NONE|NONE
koule VIII|1146|3299
koule X|NONE|NONE
koule XI|611|1807
koule XIV|NONE|NONE
koule XVI|NONE|NONE
koule vi - x|NONE|NONE
koule-IX|NONE|NONE
koule-X|NONE|NONE
koule-XI|1289|3855
koule-v|NONE|NONE
koule3|611|1807
kouleI|NONE|NONE
kouleV|NONE|NONE
koule_III|NONE|NONE
koule_IV|2073|6120
koule_VI|NONE|NONE
koule_XIV|NONE|NONE
koule_XI_double|1289|3855
koule__13_|866|2626
koule__5_|NONE|NONE
koule__7_|NONE|NONE
koule_ii_|NONE|NONE
koule_iii_longer|NONE|NONE
koule_vi_ala_dira|NONE|NONE
koule_vii_mini|1881|5239
kouleshakes_III|NONE|NONE
kouleshakes_ii|NONE|NONE
ktm10|1228|3892
ktm5|840|2591
ktm5_monster|840|2591
kulnayamapa|439|1296
labyrienteee|NONE|NONE
lala_desert|236|734
ll2|NONE|NONE
lms1|158|492
logic|488|1560
lolol|840|2503
lolol5|1778|5335
lost'n'found|585|1687
lost-no-weapons|530|1574
lost-pro|700|2103
lost|652|1876
lost5|654|1886
lovely me|NONE|NONE
m28|NONE|NONE
m_Statue of Monsters|388|1122
map|389|1150
map2|550|1643
mapX2.4|1445|3780
mapX2.5.1|1455|3806
mapaRPG|720|2221
mapmitavasus|0|0
marathon|NONE|NONE
marik1_dm|202|624
mario(=D)|1648|4993
mario|NONE|NONE
mario_airship|564|1733
mario_airship2|451|1418
mario_world_melee|274|896
masketduo.School_Hammer|838|2356
masketduo.Tribute1|NONE|NONE
master_exploder-no-weapons|360|1128
master_exploder5|360|1128
master_exploder5c|400|1272
max13|1289|3855
mazepack|NONE|NONE
me_natana|NONE|NONE
mercury|NONE|NONE
metroid_tourian|790|2306
midnight_battel_we1.2|294|935
mikeyIV|1825|5604
miopy6|NONE|NONE
mk_I|NONE|NONE
mo_factory|NONE|NONE
mo_factory_1_ng|NONE|NONE
mono|484|1458
monsterrain|220|636
moon|NONE|NONE
moonlight|216|672
morninghills|178|540
mount|440|1069
movie12|64|154
movie4|838|2471
mvtwctf02|514|1659
mvtwdm01|286|890
mvtwdm04|486|1552
mvtwdm05|202|648
nalr_II|1368|4039
nameless|246|756
nameless14|436|1318
nami_foppl_|926|2709
naruto|2430|7169
nds_dhopeless|552|1583
nds_piiko_beta1|1169|3495
nds_piiko_beta2|1199|3591
nds_supremacy_beta2|980|3025
neu|NONE|NONE
neverlandctf1|544|1690
new map|1135|3321
newyear2018|366|989
nico3|NONE|NONE
ninja 2|925|2814
ninja_1|921|2795
nodes1_beta3|628|1931
nodes_sunlitForest|NONE|NONE
noobblocker|254|660
not sure what im doing here|277|865
nside6|428|1340
nub-and-bee-ified|NONE|NONE
ok|NONE|NONE
p1|536|1544
paramour|NONE|NONE
payload1|NONE|NONE
pequeno|244|770
pichummy|455|1291
pinkness|NONE|NONE
piramid|NONE|NONE
pirates+_double|538|1714
pirates|414|1286
pirates3|722|2147
pirates_v1|402|1250
plantii_1tile|92|240
pls12|392|1226
plvlCtf5|768|2259
premskin|24|41
pro-ninja-I|1643|4588
pro6_dm|464|1420
prohookworld|1947|5357
project_om|303|937
puzl|701|2117
qLexx_2|1234|3238
quik|586|1650
qwe_spring|1763|5288
r2|801|2332
r_h5|NONE|NONE
r_hookskill|620|1782
r_recall|373|1180
rai|NONE|NONE
random11__6232bbc|202|648
rctf2a|444|1416
redblue3|702|2142
resurrection_beta1|348|1034
retee2|501|1573
rettez3|NONE|NONE
rf4ctf|190|638
rf4dm|190|638
rf5ctf|190|638
rh_hyperjump|218|592
round_jungle_3|136|436
round_mogli|253|749
round_right_round|190|568
run-nyz3|355|1012
run-prototypproleten|156|414
run-souvenir|256|716
run-wurst|100|254
run.junglenight|724|2191
run5|266|780
rx_ctf2|140|432
rx_mario|184|552
s|NONE|NONE
safari|748|2306
salam III|913|2422
school|1043|2756
sdafwaet4a56a65a56ae57a7a47|NONE|NONE
sheratus-frezze1|843|2389
simple city|322|819
sis-swampy|384|1226
sis|384|1226
skillz_4|2362|7029
skillz_6|1666|4511
skinner3|1167|3368
skull|NONE|NONE
skyblock2.0a|1093|3240
skynet|948|2849
skynet2|1104|3310
skynet3|1391|4075
skynet4|1043|3067
skynet5|1344|3955
skynet6|2076|5558
skynet7|1433|4345
skynet8|1289|3713
skynet9_1|2069|5846
skynet_4|1054|3098
skynet_compilation|3450|10239
skynet_compilation_1-2|2065|6176
skynet_compilation_1-3|NONE|NONE
skype_(mstutel1)|NONE|NONE
skysmashdex|440|1386
slope_space|NONE|NONE
slow|755|2271
sm_mario|264|816
small_boredom|1044|3180
smbyy|608|1718
smoke4|1406|3994
snowfield2.4.2|192|530
snowman@mountains|236|722
soki7|3669|6351
speedrun.itee t|154|444
spiral|107|105
square|2478|6818
ssendaM|NONE|NONE
stadt|989|2980
stay_long|224|480
steff I fastcap|689|2006
stone_hell|584|1669
streetwars|1615|4696
strk|NONE|NONE
structure|823|2451
summercatch|779|2365
sunnyday|1089|3377
sw05|200|624
swampy|384|1226
swingin|NONE|NONE
t-a-maze-ing_r.2|NONE|NONE
t|176|506
tago III|1831|5620
td_hammer|522|1612
tdm_Heey|190|590
team|686|1879
teecity|578|1545
teefither.ictf|894|2838
teeknight_dm|1023|2940
teelegend2 - the search|NONE|NONE
teepark|2076|6243
teeparkvlad8|1783|5131
teeparkvladhf|297|874
teesports|1654|5041
teeworlds_forever|362|1047
teutonic|242|792
the_unreal_tournament.ctf|1117|3315
thepit|38|108
theshire|NONE|NONE
thislithwithmyth|75|213
thislithwithsythismyth|287|870
tm|1476|4401
ton|NONE|NONE
toto|213|606
tough way 2|NONE|NONE
tower-defence|1435|4396
tower|NONE|NONE
tp|NONE|NONE
tr2|NONE|NONE
train|263|756
trial|NONE|NONE
tricky_mountain_reloaded_dm|423|1311
tropical|366|1057
tryhard3|1221|3648
tsts2|1128|3418
ttt_small|208|672
tw_assault_beta|275|820
twin towers|1269|3782
uhm|668|1929
underice_4|560|1813
unknown1|NONE|NONE
verybig|18|47
volleyball_w|54|146
w001|558|1594
wLvL-DM|276|842
waterjump|280|848
white|1775|4908
white_two|578|1553
wild1|176|512
winterday|118|385
wolkenland|127|378
world_on_water|304|978
worlds23|NONE|NONE
worp|2447|6308
x-short1.2|48|124
x17|1724|5090
xDTx_2Parts|651|2061
xPanic-Castle|1107|3111
x_X4|419|1238
xctf1_a1|874|2715
xmas|386|1063
xmas_lost|650|1874
xszz-iv|410|1140
xyz|928|2823
xyz_2|896|2727
xyz_EliteBlockers_by_Malte330|1043|3148
xyz_blocker|954|2893
xyz_blocker2|588|1522
xyz_blocker_dark|978|2971
xyz_blockwar by $ilber|440|1372
xyz_ddeace_pro_only|1117|3261
xyz_hallo-b|667|1983
xyz_loli|NONE|NONE
xyz_mod2|916|2750
xyz_noadmin|902|2739
xyz_winter2|902|2739
z-01-maze|NONE|NONE
zCTF5|834|2561
zChaos7|343|1048
zChaos7_BF|381|1149
zDm2|761|2354
zEsc|1081|3170
zEsc_1|NONE|NONE
ze_Gold Rush|NONE|NONE
ze_hotel|771|2324
ze_jungle|NONE|NONE
ze_jungle1|NONE|NONE
ze_jungle12|NONE|NONE
ze_selva|951|2950
ze_timeout|NONE|NONE
zm1|446|1356
zp_castle|1250|3818
zp_desert|705|2125
zp_zippo|1309|3716
zt-II-02|1313|3954
zt-XI|741|2232
zt-dm2|761|2354
zt-ix|516|1243
zt-x-alpha|2414|6936
zt-xv|NONE|NONE
zt4|490|1459
ztf5|790|2351
ztr-I|731|2249
zuka-teemo|985|3068
zumarc1|2791|8247
